,precision,recall,f1-score,support
0,0.4817073170731707,0.8144329896907216,0.6053639846743295,97.0
1,0.5,0.17475728155339806,0.2589928057553957,103.0
accuracy,0.485,0.485,0.485,0.485
macro avg,0.49085365853658536,0.49459513562205987,0.43217839521486257,200.0
weighted avg,0.49112804878048777,0.485,0.42698282753107863,200.0
