,precision,recall,f1-score,support
0,0.4895833333333333,0.4845360824742268,0.48704663212435234,97.0
1,0.5192307692307693,0.5242718446601942,0.5217391304347826,103.0
accuracy,0.505,0.505,0.505,0.505
macro avg,0.5044070512820513,0.5044039635672105,0.5043928812795675,200.0
weighted avg,0.5048517628205128,0.505,0.5049132687542239,200.0
