,precision,recall,f1-score,support
0,0.5217391304347826,0.4948453608247423,0.5079365079365079,97.0
1,0.5462962962962963,0.5728155339805825,0.5592417061611374,103.0
accuracy,0.535,0.535,0.535,0.535
macro avg,0.5340177133655395,0.5338304474026624,0.5335891070488227,200.0
weighted avg,0.5343860708534622,0.535,0.5343586850221921,200.0
