,precision,recall,f1-score,support
0,0.5096153846153846,0.5463917525773195,0.527363184079602,97.0
1,0.5416666666666666,0.5048543689320388,0.5226130653266332,103.0
accuracy,0.525,0.525,0.525,0.525
macro avg,0.5256410256410255,0.5256230607546792,0.5249881247031176,200.0
weighted avg,0.5261217948717949,0.525,0.5249168729218231,200.0
