,precision,recall,f1-score,support
0,0.485,1.0,0.6531986531986532,97.0
1,0.0,0.0,0.0,103.0
accuracy,0.485,0.485,0.485,0.485
macro avg,0.2425,0.5,0.3265993265993266,200.0
weighted avg,0.23522500000000002,0.485,0.3168013468013468,200.0
