,precision,recall,f1-score,support
0,0.48743718592964824,1.0,0.6554054054054054,97.0
1,1.0,0.009708737864077669,0.019230769230769232,103.0
accuracy,0.49,0.49,0.49,0.49
macro avg,0.7437185929648241,0.5048543689320388,0.3373180873180873,200.0
weighted avg,0.7514070351758794,0.49,0.32777546777546773,200.0
