,precision,recall,f1-score,support
0,0.4444444444444444,0.5360824742268041,0.48598130841121495,97.0
1,0.4578313253012048,0.36893203883495146,0.40860215053763443,103.0
accuracy,0.45,0.45,0.45,0.45
macro avg,0.4511378848728246,0.45250725653087776,0.4472917294744247,200.0
weighted avg,0.451338688085676,0.45,0.44613104210632104,200.0
