,precision,recall,f1-score,support
0,0.47191011235955055,0.4329896907216495,0.45161290322580644,97.0
1,0.5045045045045045,0.5436893203883495,0.5233644859813084,103.0
accuracy,0.49,0.49,0.49,0.49
macro avg,0.48820730843202753,0.4883395055549995,0.48748869460355737,200.0
weighted avg,0.48869622431420184,0.49,0.48856496834488994,200.0
