,precision,recall,f1-score,support
0,0.5370370370370371,0.5979381443298969,0.5658536585365853,97.0
1,0.5760869565217391,0.5145631067961165,0.5435897435897435,103.0
accuracy,0.555,0.555,0.555,0.555
macro avg,0.5565619967793881,0.5562506255630066,0.5547217010631644,200.0
weighted avg,0.5571477455716587,0.555,0.5543877423389618,200.0
