,precision,recall,f1-score,support
0,0.45454545454545453,0.41237113402061853,0.43243243243243246,97.0
1,0.49107142857142855,0.5339805825242718,0.5116279069767442,103.0
accuracy,0.475,0.475,0.475,0.475
macro avg,0.47280844155844154,0.4731758582724452,0.47203016970458833,200.0
weighted avg,0.47335633116883113,0.475,0.473218101822753,200.0
