,precision,recall,f1-score,support
0,0.3333333333333333,0.041237113402061855,0.07339449541284404,97.0
1,0.5053191489361702,0.9223300970873787,0.6529209621993127,103.0
accuracy,0.495,0.495,0.495,0.495
macro avg,0.4193262411347518,0.48178360524472025,0.3631577288060784,200.0
weighted avg,0.4219060283687944,0.495,0.37185062580787537,200.0
