,precision,recall,f1-score,support
0,0.0,0.0,0.0,97.0
1,0.515,1.0,0.6798679867986799,103.0
accuracy,0.515,0.515,0.515,0.515
macro avg,0.2575,0.5,0.33993399339933994,200.0
weighted avg,0.265225,0.515,0.35013201320132015,200.0
