,precision,recall,f1-score,support
0,0.5327102803738317,0.5876288659793815,0.5588235294117647,97.0
1,0.5698924731182796,0.5145631067961165,0.5408163265306123,103.0
accuracy,0.55,0.55,0.55,0.55
macro avg,0.5513013767460557,0.5510959863877489,0.5498199279711885,200.0
weighted avg,0.5518591096372224,0.55,0.5495498199279713,200.0
