,precision,recall,f1-score,support
0,0.45918367346938777,0.4639175257731959,0.46153846153846156,97.0
1,0.49019607843137253,0.4854368932038835,0.4878048780487805,103.0
accuracy,0.475,0.475,0.475,0.475
macro avg,0.47468987595038015,0.4746772094885397,0.474671669793621,200.0
weighted avg,0.47515506202480995,0.475,0.47506566604127587,200.0
